"Sample","PCoA1","PCoA2"
"SD04_PR1",-0.294135050842479,0.463325554706051
"SD04_PR2",-0.293472036888649,-0.463674208191705
"SD04_PR3",0.587607087731129,0.000348653485654338
